setor,subsetor,site,telefones,emails
ADMINISTRAÇÃO E CIÊNCIAS CONTÁBEIS – FACC,Biblioteca,,(32) 2102-3523,
ADMINISTRAÇÃO E CIÊNCIAS CONTÁBEIS – FACC,Coordenação do curso de Administração,,(32) 2102-3535,coord.adm@ufjf.br
ADMINISTRAÇÃO E CIÊNCIAS CONTÁBEIS – FACC,Coordenação do curso de Administração Integral,,(32) 2102-3535,coord.adm.integral@ufjf.br
ADMINISTRAÇÃO E CIÊNCIAS CONTÁBEIS – FACC,Coordenação do curso de Administração Noturno,,(32) 2102-3535,coord.adm.noturno@ufjf.br
ADMINISTRAÇÃO E CIÊNCIAS CONTÁBEIS – FACC,Coordenação do curso de Ciências Contábeis Integral,,(32) 2102-3535,coord.contabeis.integral@ufjf.br
ADMINISTRAÇÃO E CIÊNCIAS CONTÁBEIS – FACC,Coordenação do curso de Ciências Contábeis Noturno,,(32) 2102-3535,coord.contabeis.noturno@ufjf.br
ADMINISTRAÇÃO E CIÊNCIAS CONTÁBEIS – FACC,Coordenação dos mestrados,,(32) 2102-3532,
ADMINISTRAÇÃO E CIÊNCIAS CONTÁBEIS – FACC,Coordenações de curso,,(32) 2102-3525,
ADMINISTRAÇÃO E CIÊNCIAS CONTÁBEIS – FACC,Secretaria acadêmica,,(32) 2102-3524,
ADMINISTRAÇÃO E CIÊNCIAS CONTÁBEIS – FACC,Secretaria administrativa,,(32) 2102-3528,secretaria.facc@ufjf.br
ADMINISTRAÇÃO E CIÊNCIAS CONTÁBEIS – FACC,Secretaria BAP,,(32) 2102-3384 | (32) 2102-3528,secretaria.bap@ufjf.br
ADMINISTRAÇÃO E CIÊNCIAS CONTÁBEIS – FACC,Secretaria de Extensão,,(32) 2102-3550,extensao.facc@ufjf.br
ADMINISTRAÇÃO E CIÊNCIAS CONTÁBEIS – FACC,Secretaria do curso de Administração,,(32) 2102-3524,
ADMINISTRAÇÃO E CIÊNCIAS CONTÁBEIS – FACC,Secretaria do curso de Ciências Contábeis,,(32) 2102-3524,
ADMINISTRAÇÃO E CIÊNCIAS CONTÁBEIS – FACC,Secretaria FACC,https://www2.ufjf.br/facc,(32) 2102-3521,secretaria.adm@facc.ufjf.br | secretaria.facc@ufjf.br
ADMINISTRAÇÃO E CIÊNCIAS CONTÁBEIS – FACC,Secretaria Mestrado Acadêmico em Administração,,(32) 2102-3522,mestrado.admacad@ufjf.br
ADMINISTRAÇÃO E CIÊNCIAS CONTÁBEIS – FACC,Secretaria Mestrado Profissional em Administração Pública - PROFIAP,,(32) 2102-3522,mestrado.admprof@ufjf.br
ALMOXARIFADO CENTRAL,Gerência de Estoque (Almoxarifado Central),,(32) 2102-6490/ (32) 2102-3450,almoxarifado.central@ufjf.br
APES JF – Associação dos Professores de Ensino Superior de Juiz de Fora,Assessoria Jurídica,,(32) 3216-7890,leocastroadv@hotmail.com
APES JF – Associação dos Professores de Ensino Superior de Juiz de Fora,Jornalismo,,(32) 99158-6924,apesjf@gmail.com
APES JF – Associação dos Professores de Ensino Superior de Juiz de Fora,Plano de Saúde,,(32) 98410-9828,beth@apesjf.org.br
APES JF – Associação dos Professores de Ensino Superior de Juiz de Fora,Secretaria,https://www.apesjf.org.br/,(32) 99109-2284,faleconosco@apesjf.org.br
APES JF – Associação dos Professores de Ensino Superior de Juiz de Fora,Tesouraria,,(32) 99160-5284,ronaldo@apesjf.org.br
ARQUITETURA E URBANISMO,Coordenação do curso,,(32) 2102-6307,coord.arquitetura@ufjf.br
ARQUITETURA E URBANISMO,Departamentos DPRT e DPHT,,(32) 2102-3403,
ARQUITETURA E URBANISMO,Direção,,(32) 2102-3359,direcao.fau@ufjf.br
ARQUITETURA E URBANISMO,Secretaria,https://www.ufjf.br/fau,(32) 2102-3403,secretaria.fau@ufjf.br
ARQUIVO CENTRAL,"Arquivos Permanentes, Restauração e Secretaria (Av. Rio Branco, 3460)",,(32) 2102-6321,
ARQUIVO CENTRAL,Coordenação Sistema de Arquivos (Reitoria/Campus),https://www2.ufjf.br/arquivocentral,(32) 2102-3984,gestao.documentos@ufjf.br
AUDITORIA INTERNA – Audin/UFJF,Coordenação Sistema de Arquivos (Reitoria/Campus),https://www2.ufjf.br/auditoriainterna,(32) 2102-3397,auditoriainterna@ufjf.br
BACHARELADO INTERDISCIPLINAR EM ARTES E DESIGN,Biblioteca do IAD,,,biblioteca.iad@ufjf.br
BACHARELADO INTERDISCIPLINAR EM ARTES E DESIGN,Coordenação do curso,,(32) 2102-3354,
BACHARELADO INTERDISCIPLINAR EM ARTES E DESIGN,Secretaria,https://www.ufjf.br/biad,(32) 2102-3353,secretaria.iad@ufjf.br
BIBLIOTECA UNIVERSITÁRIA – Centro de Difusão do Conhecimento – CDC,Atendimento ao usuário,https://www.ufjf.br/biblioteca,(32) 2102-3767 | (32) 2102-3671,biblioteca.central@ufjf.br
BIBLIOTECA UNIVERSITÁRIA – Centro de Difusão do Conhecimento – CDC,Coordenação,,(32) 2102-3760,cdc@ufjf.br
BIBLIOTECA UNIVERSITÁRIA – Centro de Difusão do Conhecimento – CDC,Processamento Técnico,,(32) 2102-3752,processamento.tecnico@ufjf.br
BIBLIOTECA UNIVERSITÁRIA – Centro de Difusão do Conhecimento – CDC,Secretaria,,(32) 2102-3761 | (32) 2102-3670 | (32) 2102-3764,secretaria.cdc@ufjf.br | multas.cdc@ufjf.br
CAED - ASSISTÊNCIA CURSOS,,,,assistencia.cursos@caedufjf.net
CAED – Centro de Políticas Públicas e Avaliação da Educação,(Pós-graduação),,(32) 4009-9330,ppgp@caedufjf.net
CAED – Centro de Políticas Públicas e Avaliação da Educação,Secretaria do PPGP,,(32) 4009-9322,mestrado@caed.ufjf.br
CAED – Centro de Políticas Públicas e Avaliação da Educação,Unidade Dom Orione,https://institucional.caeddigital.net,(32) 4009-9290 /(32) 4009-9300,faleconosco@fundacaocaed.org.br
CAED – Centro de Políticas Públicas e Avaliação da Educação,Unidade Espírito Santo,,(32) 4009-9750,
CASA HELENIRA PRETA,"Localizada na Av. Barão do Rio Branco, 3372 ou pela Rua Severino Meireles, 260 – Passos – Juiz de Fora",https://www.ufjf.br/facssocial/institucional/casa-helenira-preta/,(32) 2102-6310,casa.helenirarezende@ufjf.br
CDARA,Dúvidas sobre a documentação do Anexo 1 (todos os grupos),,,duvidasmatricula@ufjf.br
CDARA,"Dúvidas sobre a documentação do Anexo 2 (grupos A, B, G e H)",,(32) 2102-3341,analiserenda.cdara@ufjf.br
CDARA,"Dúvidas sobre a documentação dos Anexos 3, 4, 5, 6 e 7 (grupos A, D, H. J, G e I)",,,garv.cdara@ufjf.br
CDARA,Gerência de Colação de Grau e Registro de Diplomas (Diplomas (graduação) e Revalidação de Diploma),,(32) 2102-3737,sra.cdara@ufjf.br | gra.cdara@ufjf.br
CDARA,"GMCA – Gerência de Matrícula e Controle Acadêmico (Matrícula, Recursos, Aproveitamento de Estudos)",,(32) 2102-3734,
CDARA,GMCA-PG – Gerência de Matrícula e Controle Acadêmico da Pós-graduação (Assuntos de Pós-graduação lato-sensu ou stricto-sensu),,(32) 2102-3368 | (32) 2102-3731,gmcapos.cdara@ufjf.br
CDARA,Secretaria,https://www.ufjf.br/cdara,(32) 2102-3733,cdara@ufjf.br
CDARA,"SGLA – Subgerência de Lançamentos Acadêmicos (Atestados, Grade Curricular, Histórico e Ementas)",,(32) 2102-3732,sgla.cdara@ufjf.br
CEAD – Centro de Educação à Distância,Centro de Educação à Distância,https://www.cead.ufjf.br,(32) 2102-3487 | (32) 2102-3488 | (32) 2102-3489,secretaria.cead@ufjf.br | academico.cead@ufjf.br
CECOM – Centro de Conservação da Memória,Centro de Conservação da Memória,https://www2.ufjf.br/cecom,,cecomufjf@gmail.com | cecom.procultura@ufjf.br | cecomufjfacervo@gmail.com
CENTRAL DE ATENDIMENTO – CAT,Central de Atendimento – UFJF – Campus sede,https://www.ufjf.br/cat,(32) 2102-3911,faleconosco@ufjf.br
CENTRO CULTURAL PRÓ-MÚSICA,Contato geral,https://www.promusicaufjf.com.br,(32) 3218-0336,secretaria.promusica@ufjf.edu.br | recepcao.promusica@ufjf.br | producao.promusica@ufjf.br
CENTRO DE BIOLOGIA DA REPRODUÇÃO,BIOTÉRIO,,(32) 2102-3255 | (32) 2102-3251,bioterio.cbr@ufjf.br
CENTRO DE BIOLOGIA DA REPRODUÇÃO,DIREÇÃO,,(32) 2102-3255 | (32) 2102-3251,direcao.cbr@ufjf.br
CENTRO DE BIOLOGIA DA REPRODUÇÃO,,https://www2.ufjf.br/cbr/,,
CENTRO DE BIOLOGIA DA REPRODUÇÃO,LABORATÓRIOS,,(32) 2102-3255 | (32) 2102-3251,laboratorio.cbr@ufjf.br
CENTRO DE CIÊNCIAS,Centro de Ciências,https://www.ufjf.br/centrodeciencias,(32) 2102-6913 | (32) 2102-6914,centrodeciencias@ufjf.br
CENTRO DE CONSERVAÇÃO DA MEMÓRIA – CECOM,Contato geral,https://www2.ufjf.br/cecom/,(32) 3212-3286,cecomufjf@gmail.com | cecom.procultura@ufjf.br
CIÊNCIA DA COMPUTAÇÃO,Coordenação do curso,https://www.ufjf.br/cursocomputacao,(32) 2102-3316,coord.computacao@ufjf.br | coord.computacaonoturno@ufjf.br
CIÊNCIA DA COMPUTAÇÃO,Departamento de Ciência da Computação (DCC),,(32) 2102-3311,
CIÊNCIAS EXATAS,Biblioteca da Exatas,,,biblioteca.ice@ufjf.br
CIÊNCIAS EXATAS,Direção,,(32) 2102-3300,direcao@ice.ufjf.br
CIÊNCIAS EXATAS,Secretaria,https://www2.ufjf.br/ice,(32) 2102-3301 | (32) 2102-3302,secretaria.ice@ice.ufjf.br
CIÊNCIAS EXATAS,Secretaria dos Cursos de Graduação Presencial,,(32) 2102-3326 | (32) 2102-3301 | (32) 2102-3316,coordenacoes.ice@ufjf.br
CIÊNCIAS SOCIAIS,Chefia de Departamento,,(32) 2102-3161,
CIÊNCIAS SOCIAIS,Coordenação de Curso,https://www.ufjf.br/graduacaocienciassociais,(32) 2102-3106,coord.cienciassociais@ufjf.br
CINE THEATRO CENTRAL,Bilheteria,,(32) 2102-6329,
CINE-THEATRO CENTRAL,Contato geral,http://www.theatrocentral.com.br,(32) 3231-4051,cinetheatrocentral@ufjf.edu.br | cinetheatrocentral@ufjf.br
CINE THEATRO CENTRAL,Escritório,https://www.theatrocentral.com.br,(32) 2102-6330,cinetheatrocentral@ufjf.br
COESF – Coordenação de Execução e Suporte Financeiro,Coordenação,,(32) 2102-3948,
COESF – Coordenação de Execução e Suporte Financeiro,Gerência de Conformidade,,(32) 2102-3948,
COESF – Coordenação de Execução e Suporte Financeiro,Gerência de Contabilidade,,(32) 2102-3948,coesf.contabilidade@ufjf.br
COESF – Coordenação de Execução e Suporte Financeiro,Gerência de Execução Financeira (Financeiro),,(32) 2102-3948,coesf.financeiro@ufjf.br
COESF – Coordenação de Execução e Suporte Financeiro,Gerência de Execução Orçamentária (Empenho),,(32) 2102-3948,coesf.empenho@ufjf.br
COESF – Coordenação de Execução e Suporte Financeiro,Gerência de Liquidação,,(32) 2102-3948,coesf.liquidacao@ufjf.br
COESF – Coordenação de Execução e Suporte Financeiro,Secretaria,https://www2.ufjf.br/coesf,(32) 2102-3948,coesf@ufjf.br
COLÉGIO DE APLICAÇÃO JOÃO XXIII,Biblioteca,,(32) 2102-3641,biblioteca.joaoxxiii@ufjf.br
COLÉGIO DE APLICAÇÃO JOÃO XXIII,Comunicação / Especialização,,(32) 2102-3635,
COLÉGIO DE APLICAÇÃO JOÃO XXIII,Coordenação Ensino Fundamental,,(32) 2102-3625,
COLÉGIO DE APLICAÇÃO JOÃO XXIII,Coordenação Ensino Médio,,(32) 2102-3626,
COLÉGIO DE APLICAÇÃO JOÃO XXIII,Departamento de Ciências Humanas,,(32) 2102-3631,
COLÉGIO DE APLICAÇÃO JOÃO XXIII,Departamento de Ciências Naturais,,(32) 2102-3632,
COLÉGIO DE APLICAÇÃO JOÃO XXIII,Departamento de Educação Física,,(32) 2102-3630,
COLÉGIO DE APLICAÇÃO JOÃO XXIII,Departamento de Letras e Artes,,(32) 2102-3627,
COLÉGIO DE APLICAÇÃO JOÃO XXIII,Departamento de Matemática,,(32) 2102-3636,
COLÉGIO DE APLICAÇÃO JOÃO XXIII,Direção,,(32) 2102-3621,direcao.joaoxxiii@ufjf.br
COLÉGIO DE APLICAÇÃO JOÃO XXIII,Enfermaria,,(32) 2102-3639,
COLÉGIO DE APLICAÇÃO JOÃO XXIII,Laboratório de Ciências,,(32) 2102-3634,
COLÉGIO DE APLICAÇÃO JOÃO XXIII,Laboratório de Física,,(32) 2102-3633,
COLÉGIO DE APLICAÇÃO JOÃO XXIII,Núcleo de Apoio Escolar (NAE),,(32) 2102-3640,
COLÉGIO DE APLICAÇÃO JOÃO XXIII,Portaria,https://www.joaoxxiii.ufjf.br,(32) 2102-3622,
COLÉGIO DE APLICAÇÃO JOÃO XXIII,Sala de Artes,,(32) 2102-3629,
COLÉGIO DE APLICAÇÃO JOÃO XXIII,Sala de Línguas Estrangeiras,,(32) 2102-3628,
COLÉGIO DE APLICAÇÃO JOÃO XXIII,Sala dos Professores 1º Ano EF,,(32) 2102-3637,
COLÉGIO DE APLICAÇÃO JOÃO XXIII,Sala dos Professores 2º ao 5º Ano EF,,(32) 2102-3638,
COLÉGIO DE APLICAÇÃO JOÃO XXIII,Sala dos Professores 6º ao 9º Ano EF,,(32) 2102-3638,
COLÉGIO DE APLICAÇÃO JOÃO XXIII,Sala Manutenção Computadores,,(32) 2102-3642,
COLÉGIO DE APLICAÇÃO JOÃO XXIII,Secretaria,,(32) 2102-3623 | (32) 2102-3624,joaoxxiii@ufjf.br
COMISSÃO DE ÉTICA DA UFJF,"Comissão de Ética da UFJF Sala nº 123, prédio da Reitoria - Campus/JF",https://www2.ufjf.br/comissaodeetica/,(32) 2102-3939,comissao.etica@ufjf.br
COMISSÃO DE ÉTICA NO USO DE ANIMAIS – CEUA,Comissão de Ética no Uso de Animais (CEUA),https://www.ufjf.br/ceua,(32) 2102-3784,ceua.propp@ufjf.br
COMITÊ DE ÉTICA EM PESQUISA HUMANA,"Horário de atendimento: Segunda à Quinta: 08:00 às 12:00, 13:00 às 18:00 Sexta: 08:00 às 12:00 13:00 às 17:00",https://www2.ufjf.br/comitedeetica,(32) 2102-3788,cep.propp@ufjf.br
COMUNICAÇÃO – Faculdade de Comunicação Social (FACOM),Curso Jornalismo,,,coordenacaojornalismo@ufjf.br
COMUNICAÇÃO – Faculdade de Comunicação Social (FACOM),"Curso Rádio, Tv e Internet",,,coord.rtvi@ufjf.br
COMUNICAÇÃO – Faculdade de Comunicação Social (FACOM),Para assuntos acadêmicos dos cursos de Graduação: Secretaria das Coordenações de Graduação,,(32) 2102-3609,secretaria.graduacaofacom@ufjf.br
COMUNICAÇÃO – Faculdade de Comunicação Social (FACOM),Para assuntos administrativos: Secretaria Geral,https://www.ufjf.br/facom,(32) 2102-3601,secretaria.facom@ufjf.br
COMUNICAÇÃO – Faculdade de Comunicação Social (FACOM),Programa de Pós-Graduação em Comunicação – PPGCOM,,(32) 2102-3602 | (32) 2102-3616,secretariappg.facom@gmail.com
COMUNICAÇÃO – Faculdade de Comunicação Social (FACOM),"Seção Técnica de Apoio ao Ensino, Pesquisa e Extensão – SETA",,(32) 2102-3612,logistica.facom@ufjf.br
CONSU – Conselho Superior da Universidade Federal de Juiz de Fora (Consu/UFJF),Secretaria,https://www.ufjf.br/consu,(32) 2102-3904 | (32) 2102-3909,secretariageral.reitoria@ufjf.br
COPESE – Coordenação Geral de Processos Seletivos,Secretaria Geral,https://www.ufjf.br/copese,(32) 2102-3738 | (32) 2102-3755,copese@ufjf.br
CORAL DA UFJF,Contato geral,https://www2.ufjf.br/forumdacultura/coral/,(32) 2102-6305,coral@ufjf.br
CRITT/PROINOVA,Administrativo e Financeiro,,(32) 2102-3435,af.critt@ufjf.br
CRITT/PROINOVA,Comunicação e Marketing,,(32) 2102-3435,com.critt@ufjf.br
CRITT/PROINOVA,Empreendedorismo/Coworking,,(32) 2102-3435,emp.critt@ufjf.br
CRITT/PROINOVA,GABINETE DO PRÓ-REITOR,,(32) 2102-3435,proinova@ufjf.br
CRITT/PROINOVA,Geral,https://www2.ufjf.br/critt,(32) 2102-3435,
CRITT/PROINOVA,Gestão de Pessoas,,(32) 2102-3435,pessoas.critt@ufjf.br
CRITT/PROINOVA,Núcleo de Inovação Tecnológica,,(32) 2102-3435,att.critt@ufjf.br | pc.critt@ufjf.br
CRITT/PROINOVA,Parque Tecnológico,,(32) 2102-3435,partecjf@ufjf.br
CRITT/PROINOVA,Planejamento e Gestão,,(32) 2102-3435,planejamento.critt@ufjf.br
CRITT/PROINOVA,Recepção,,(32) 2102-3435,
CRITT/PROINOVA,Secretaria da Direção,,(32) 2102-3435,proinova@ufjf.br
CRITT/PROINOVA,Tecnologia da Informação,,(32) 2102-3435,sti.critt@ufjf.br
CRITT/PROINOVA,TREINAMENTO,,(32) 2102-3435,treina.critt@ufjf.br
CRITT/PROINOVA Condomínio de Empresas,Robotitech,https://www.robotictech.com.br/,(32) 98811-8197,
CRITT/PROINOVA Condomínio de Empresas,TC Projetos,https://www.tecnocadgroup.com/,(31) 3268-1400,
CRITT/PROINOVA Condomínio de Empresas,Zahir Marketing,https://zahirmarketing.com.br/,55329993115,
CRITT/PROINOVA EMPRESAS INCUBADAS,Accutis,https://acuttis.com.br/,,
CRITT/PROINOVA EMPRESAS INCUBADAS,Arch Hub,,(32) 98887-1187,
CRITT/PROINOVA EMPRESAS INCUBADAS,Bem melhor,https://www.bemmelhor.com.br/,(32) 3211-0536,
CRITT/PROINOVA EMPRESAS INCUBADAS,CODI ACADEMY,https://codiacademy.com,,
CRITT/PROINOVA EMPRESAS INCUBADAS,Direito Dela,https://direitodela.com.br,,contato@direitodela.com.br
CRITT/PROINOVA EMPRESAS INCUBADAS,Gest Empresarial,https://www.gestempresarial.com.br/,55328463070,
CRITT/PROINOVA EMPRESAS INCUBADAS,JF Tecnologia,https://jfma.com.br,,
CRITT/PROINOVA EMPRESAS INCUBADAS,Jurista.com,https://www.juristta.com/,,
CRITT/PROINOVA EMPRESAS INCUBADAS,Licitei,https://app.licitei.co/,(32) 3017-1537,
CRITT/PROINOVA EMPRESAS INCUBADAS,Mais controle,https://maiscontroleerp.com.br/,,
DICI,Secretaria da Diretoria de Controle Institucional,https://www2.ufjf.br/controle_institucional/,(32) 2102-3939,diretoria.controle@ufjf.br
DIREITO,Biblioteca,,(32) 2102-3505,biblioteca.direito@ufjf.br
DIREITO,Coordenação do Curso Diurno,,(32) 2102-3515,coord.direitodiurno@ufjf.br
DIREITO,Coordenação do Curso Noturno,,(32) 2102-3515,coordn.direito@ufjf.br
DIREITO,Direção,,(32) 2102-3500 | (32) 2102-3501,direcao.direito@ufjf.br
DIREITO,Núcleo de Práticas Jurídicas (Escritório Escola),,(32) 2102-6324 | (32) 2102-6325,npj@ufjf.br
DIREITO,Portal Jurídico da Biblioteca da Faculdade de Direito,https://www.portaljuridicobrasil.com.br,,
DIREITO,Secretaria da Graduação,https://www.ufjf.br/direito,(32) 2102-3501,secretaria.direito@ufjf.br
DIREITO,Secretaria da Pós-Graduação Lato Sensu em Segurança Pública e Cidadania,https://www.ufjf.br/ppgdireito,(32) 2102-3515,pos.seguranca.ufjf@gmail.com
DIREITO,Secretaria da Pós Graduação Stricto Sensu,,(32) 2102-3512,ppg.direito@ufjf.br
DIRETORIA DE AÇÕES AFIRMATIVAS – DIAAF,Intérpretes de Libras,,(32) 2102-3781,interpretesdelibrasufjf@gmail.com
DIRETORIA DE AÇÕES AFIRMATIVAS – DIAAF,Núcleo de Apoio à Inclusão,https://www.ufjf.br/nai,(32) 2102-3944,nucleo.nai@ufjf.br
DIRETORIA DE AÇÕES AFIRMATIVAS – DIAAF,Ouvidoria Especializada em Ações Afirmativas,,(32) 2102-3380,ouvidoriaespecializada.diaaf@ufjf.br
DIRETORIA DE AÇÕES AFIRMATIVAS – DIAAF,Secretaria,https://www.ufjf.br/diaaf,(32) 2102-6919,acoesafirmativas@ufjf.br
DIRETORIA DE AVALIAÇÃO INSTITUCIONAL,Secretaria,https://www.ufjf.br/diavi,(32) 2102-3915,secretaria.avaliacao@ufjf.br
DIRETORIA DE IMAGEM INSTITUCIONAL,Agendamento de Visitas,,,visitas@comunicacao.ufjf.br
DIRETORIA DE IMAGEM INSTITUCIONAL,Cerimonial,,(32) 2102-3966,cerimonial@ufjf.br | equipecerimonial@comunicacao.ufjf.br
DIRETORIA DE IMAGEM INSTITUCIONAL,Criação,,(32) 2102-3969,design@comunicacao.ufjf.br
DIRETORIA DE IMAGEM INSTITUCIONAL,Gestão de Redes Sociais,,(32) 2102-3969,redes@secom.ufjf.br
DIRETORIA DE IMAGEM INSTITUCIONAL,Imprensa,,(32) 2102-3970,imprensa.dci@ufjf.br
DIRETORIA DE IMAGEM INSTITUCIONAL,Secretaria,https://www2.ufjf.br/noticias/imprensa,(32) 2102-3968,imagem@ufjf.br
DIRETORIA DE RELAÇÕES INTERNACIONAIS – DRI,Certificação de documentos,,(32) 2102-3947,internationaloffice@ufjf.br
DIRETORIA DE RELAÇÕES INTERNACIONAIS – DRI,Ciência sem Fronteiras,,(32) 2102-3947,internationaloffice@ufjf.br
DIRETORIA DE RELAÇÕES INTERNACIONAIS – DRI,Global July Program,https://www2.ufjf.br/globaljuly,(32) 2102-3389,globaljuly@ufjf.br
DIRETORIA DE RELAÇÕES INTERNACIONAIS – DRI,Idiomas sem Fronteiras,,(32) 2102-6929,isf@ufjf.br
DIRETORIA DE RELAÇÕES INTERNACIONAIS – DRI,Incomimg e Acordos,https://www2.ufjf.br/internationaloffice,(32) 2102-3389,internationaloffice@ufjf.br
DIRETORIA DE RELAÇÕES INTERNACIONAIS – DRI,Intercâmbio,https://www2.ufjf.br/internationaloffice,(32) 2102-3947,intercambio.dri@ufjf.br
DIRETORIA DE RELAÇÕES INTERNACIONAIS – DRI,Núcleo de Apoio ao Intercâmbio (Napi),,(32) 2102-3389,napi.dri@ufjf.br
DIRETORIA DE RELAÇÕES INTERNACIONAIS – DRI,PEC-G e PECPG (O Programa de Estudantes-Convênio de Graduação e de Pós-graduação),,(32) 2102-3389 | (32) 2102-6929,pec.dri@ufjf.br
DIRETORIA DE RELAÇÕES INTERNACIONAIS – DRI,Secretaria Executiva,https://www.ufjf.br/internationaloffice,(32) 2102-3947,internationaloffice@ufjf.br
DIRETORIA DE SUSTENTABILIDADE,Coordenação de Sustentabilidade e Patrimônio,https://www2.ufjf.br/sustentabilidade/,(32) 2102-6377 / (32) 2102-6377,sustentabilidade@ufjf.br
DIRETORIA DE SUSTENTABILIDADE,Gerência de Patrimônio,https://www2.ufjf.br/proinfra/patrimonio,(32) 2102-3451/ (32) 2102-3452,gerencia.patrimonio@ufjf.br
ECONOMIA,Biblioteca da Economia,,,biblioteca.economia@ufjf.br
ECONOMIA,Coordenação,,(32) 2102-3555,coord.economia@ufjf.br
ECONOMIA,Direção,,(32) 2102-3540,
ECONOMIA,Programa de Pós-graduação em Economia/UFJF,,(32) 2102-3543 | (32) 2102-3554,
ECONOMIA,Secretaria da Graduação,https://www.ufjf.br/economia,(32) 2102-3541 | (32) 2102-3542,secretaria.eco@ufjf.br
EDUCAÇÃO,Biblioteca da Educação,,(32) 2102-3664,biblioteca.educacao@ufjf.br
EDUCAÇÃO,Departamento de Educação,,,depto.edu@ufjf.br
EDUCAÇÃO,Programa de Pós-Graduação em Educação,https://www2.ufjf.br/ppge,(32) 2102-3665,
EDUCAÇÃO,Secretaria,https://www.ufjf.br/faculdadedeeducacao,(32) 2102-3650,secretaria.faced@ufjf.br
EDUCAÇÃO FÍSICA,Coordenação de Graduação,,(32) 2102-3284,
EDUCAÇÃO FÍSICA,Coordenação de Pós-Graduação,,(32) 2102-3291,especializacao.faefid@ufjf.br
EDUCAÇÃO FÍSICA,Direção,,(32) 2102-3280,
EDUCAÇÃO FÍSICA,"NGIME – Núcleo de Pesquisa em Inclusão, Movimento e Ensino",,(32) 2102-3293 | (32) 2102-6362,
EDUCAÇÃO FÍSICA,Sala de Apoio à Infraestrutura,,(32) 2102-3286,
EDUCAÇÃO FÍSICA,Secretaria FAEFID 1,https://www.ufjf.br/faefid,(32) 2102-3280,secretariaacademica.faefid@ufjf.br
EDUCAÇÃO FÍSICA,Secretaria FAEFID 2,https://www.ufjf.br/faefid,(32) 2102-3290,
EMPRESAS TERCEIRIZADAS (prestadoras de serviços à UFJF),Planejar Terceirização e Serviços,,(32) 2102-3727,prepostoufjf@planrj.com.br
ENFERMAGEM – Faculdade de Enfermagem (Facenf/UFJF),Biblioteca da Faculdade de Enfermagemca,,(32) 2102-3821,biblioteca.enfermagem@ufjf.br
ENFERMAGEM – Faculdade de Enfermagem (Facenf/UFJF),Coordenação do Curso,,(32) 2102-3821,coord.enfermagem@ufjf.br
ENFERMAGEM – Faculdade de Enfermagem (Facenf/UFJF),Departamento de Enfermagem Aplicada,,(32) 2102-3821,eap.enfermagem@ufjf.br
ENFERMAGEM – Faculdade de Enfermagem (Facenf/UFJF),Departamento de Enfermagem Básica,,(32) 2102-3821,eba.enfermagem@ufjf.br
ENFERMAGEM – Faculdade de Enfermagem (Facenf/UFJF),Departamento Materno-Infantil e Saúde Pública,,(32) 2102-3821,emp.enfermagem@ufjf.br
ENFERMAGEM – Faculdade de Enfermagem (Facenf/UFJF),Programa de Pós Graduação em Enfermagem,https://www2.ufjf.br/pgenfermagem,(32) 2102-3821,mestrado.enfermagem@ufjf.br
ENFERMAGEM – Faculdade de Enfermagem (Facenf/UFJF),Secretaria,https://www2.ufjf.br/enfermagem,(32) 2102-3821,secretaria.enfermagem@ufjf.br
ENGENHARIA,Biblioteca de Exatas,,(32) 2102-3404,biblioteca@ice.ufjf.br
ENGENHARIA,Coordenação Engenharia Ambiental e Sanitária,https://www2.ufjf.br/engsanitariaeambiental/,(32) 2102-3429,coord.eas@ufjf.br
ENGENHARIA,Coordenação Engenharia de Produção,https://www2.ufjf.br/engenhariadeproducao/,(32) 2102-3416,coord.producao@ufjf.br
ENGENHARIA,Coordenação Mestrado e Doutorado em Engenharia Elétrica,,(32) 2102-3442,ppee@ufjf.br
ENGENHARIA,Coordenação Mestrado e Doutorado em Modelagem Computacional,,(32) 2102-3481,ppg.modelagemcomputacional@ufjf.br
ENGENHARIA,Coordenação Mestrado em Ambiente Construído,,(32) 2102-6465,mestrado.aconstruido@ufjf.br
ENGENHARIA,Coordenação Mestrado em Engenharia Civil,https://www2.ufjf.br/pec/,(32) 2102-3456,ppg.civil@ufjf.br
ENGENHARIA,DA de Engenharia,,(32) 2102-3454,
ENGENHARIA,Departamento de Circuitos Elétricos,,,depto.circuitos@ufjf.br
ENGENHARIA,Departamento de Engenharia de Produção e Mecânica,,,
ENGENHARIA,Departamento de Engenharia Sanitária e Ambiental,,,depto.esa@ufjf.br
ENGENHARIA,Departamento de Estruturas,,,depto.estruturas@ufjf.br
ENGENHARIA,Departamento de Mecânica Aplicada e Computacional,,,depto.mac@ufjf.edu.br
ENGENHARIA,Direção,,(32) 2102-3400,direcao.engenharia@ufjf.br
ENGENHARIA,Manutenção de elevadores,,(32) 2102-3794,
ENGENHARIA,Museu Dinâmico de Ciência e Tecnologia,https://www2.ufjf.br/museudinamico/,(32) 2102-6340,mdct.faceng@ufjf.br
ENGENHARIA,NASFE – Núcleo de Atendimento Social da Faculdade de Engenharia,,(32) 2102-3475,
ENGENHARIA,Sala de Apoio Itamar Franco,,(32) 2102-3598,
ENGENHARIA,Secretaria,https://www2.ufjf.br/engenharia/,(32) 2102-3402,secretaria.engenharia@ufjf.br
ENGENHARIA,Segmentos estudantis,https://www2.ufjf.br/engenharia/ensino/atividades-extracurriculares,,
ENGENHARIA AMBIENTAL E SANITÁRIA,Coordenação do Curso,https://www2.ufjf.br/engsanitariaeambiental,(32) 2102-3429,coord.eas@ufjf.br
ENGENHARIA CIVIL,Chefia de Departamento,,(32) 2102-3407,
ENGENHARIA CIVIL,Coordenação do Curso/Secretaria,https://www.ufjf.br/engenhariacivil,(32) 2102-3406,coordcivil.engenharia@ufjf.br
ENGENHARIA ELÉTRICA,Departamento de Circuitos Elétricos,,(32) 2102-3408,depto.circuitos@ufjf.br
ENGENHARIA ELÉTRICA,Mestrado e Doutorado em Engenharia Elétrica,,(32) 2102-3442,ppee@ufjf.br
ENGENHARIA ELÉTRICA,Secretaria,https://www.ufjf.br/engenhariaeletrica,(32) 2102-3444,
ESCOLA DE ARTES PRÓ-MÚSICA,Contato geral,https://www2.ufjf.br/cecom/,(32) 2102-6339,administracao.mam@ufjf.edu.br
FARMÁCIA,Biblioteca da Farmácia e Odontologia,,,biblioteca.odontologia@ufjf.br
FARMÁCIA,Coordenação,,(32) 2102-3803,coord.farmacia@ufjf.br
FARMÁCIA,Direção,,(32) 2102-3801,diretoria.farmacia@ufjf.br
FARMÁCIA,Secretaria,https://www.ufjf.br/farmacia,(32) 2102-3802,
FILOSOFIA,Chefia de Departamento,,,depto.filosofia@ufjf.br
FILOSOFIA,Coordenação do Curso,https://www.ufjf.br/filosofia,(32) 2102-3107,coord.filosofia@ufjf.br
FÍSICA,Coordenação do curso de Licenciatura em Física a Distância,https://www.fisica.ufjf.br/ead,(32) 2102-3366,fisicaead@ice.ufjf.br
FÍSICA,Coordenação do curso de Licenciatura em Física (noturno),https://www.ufjf.br/fisnoturno,(32) 2102-3316,fisnoturnoufjf@gmail.com
FÍSICA,Coordenação do Programa de Mestrado Nacional Profissional em Ensino de Física (MNPEF),https://www.ufjf.br/profis,(32) 2102-3307,profis@ice.ufjf.br
FÍSICA,Coordenação do Programa de Pós-Graduação em Física (Mestrado e Doutorado),https://www.ufjf.br/ppgfisica,(32) 2102-3307,ppgfisica@ice.ufjf.br
FÍSICA,Coordenação dos cursos de Bacharelado e Licenciatura em Física (diurnos),https://www.ufjf.br/fisdiurno,(32) 2102-3316,coord.fisicad@ice.ufjf.br
FÍSICA,Laboratórios de Ensino de Física,,(32) 2102-3331,labfisicaufjf@gmail.com
FÍSICA,Secretaria,https://www.ufjf.br/fisica,(32) 2102-3307 | (32) 2102-3312,secretaria.fisica@ufjf.br
FISIOTERAPIA,Coordenação Graduação,,(32) 2102-3837,coord.fisioterapia@ufjf.br
FISIOTERAPIA,Coordenação Mestrado,https://www2.ufjf.br/ppgcrdf,(32) 2102-3256,mestrado.fisioterapia@ufjf.br
FISIOTERAPIA,Secretaria,https://www.ufjf.br/facfisio,(32) 2102-3843,secretaria.facfisio@ufjf.br
FORUM DA CULTURA,Contato geral,https://www.ufjf.br/forumdacultura,(32) 3215-3850,forumdacultura@ufjf.br
GARRA,,,,
GEOGRAFIA,Coordenação do Curso,https://www.ufjf.br/geografia,(32) 2102-3192,coord.geografia@ufjf.br
GERÊNCIA DE PÓS-COMPRA,,https://www2.ufjf.br/gerenciaposcompra/,(32) 2102-3746,gerencia.poscompra@ufjf.br
HISTÓRIA,Coordenação do Curso,https://www.ufjf.br/historia,(32) 2102-3109,coordenacao.historia@ufjf.br
HOSPITAL UNIVERSITÁRIO – HU,Ambulatório de Hepatologia e Gastroenterologia,,(32) 4009-5302 | (32) 4009-5310,
HOSPITAL UNIVERSITÁRIO – HU,Fisioterapia (Recepção),,(32) 4009-5372,
HOSPITAL UNIVERSITÁRIO – HU,Gerência de ensino e Pesquisa - comitê de Ética em Presquisa (CEP),,55329880201,
HOSPITAL UNIVERSITÁRIO – HU,Gerência de ensino e Pesquisa - HU Revista,,(32) 4009-5408,
HOSPITAL UNIVERSITÁRIO – HU,Métodos Gráficos (Recepção),,(32) 4009-5372,
HOSPITAL UNIVERSITÁRIO – HU,Nefrologia (Recepção),,(32) 4009-5332,
HOSPITAL UNIVERSITÁRIO – HU,Ouvidoria,,(32) 4009-5344,
HOSPITAL UNIVERSITÁRIO – HU,Recepção Ambulatório (Cardiologia),,(32) 4009-5435,
HOSPITAL UNIVERSITÁRIO – HU,Recepção Geral Ambulatório,,(32) 4009-5401,
HOSPITAL UNIVERSITÁRIO – HU,"Recepção Geral Ambulatório Bloco C(Saúde da Mulher, Doenças raras, CRIE, Ambulatório de Cuidados com a Pele e Ambulatório Multprofissional).",,(32) 4009-5430,
HOSPITAL UNIVERSITÁRIO – HU,Unidade de comunicação Regional 24(UCR 24),,(32) 4009-5393,
HOSPITAL UNIVERSITÁRIO – HU,Unidade de Endoscopia (Recepção),,(32) 4009-5365,
HOSPITAL UNIVERSITÁRIO – HU,Unidade de Imagem da Mulher (Recepção),,(32) 4009-5390,
HOSPITAL UNIVERSITÁRIO – HU,Unidade de Imagem Geral (Recepção),,(32) 4009-5391,
HOSPITAL UNIVERSITÁRIO – HU SANTA CATARINA,Gerência de ensino e Pesquisa - Comissão de Residência Médica (COREME),,(32) 4009-5167,coreme.hu-ufjf@ebserh.gov.br
HOSPITAL UNIVERSITÁRIO – HU SANTA CATARINA,PORTARIA,,(32) 4009-5131,
HOSPITAL UNIVERSITÁRIO – HU SANTA CATARINA,RECEPÇÃO CAPS,,(32) 4009-5400,
HOSPITAL UNIVERSITÁRIO – HU SANTA CATARINA,SECRETARIA,,(32) 4009-5159,
IF SUDESTE MG,Coordenação Geral de Assuntos e Registros Acadêmicos,,(32) 4009-3003,cgara.jf@ifsudestemg.edu.br
IF SUDESTE MG,Demais setores,,,
IF SUDESTE MG,Diretoria de Ensino,https://www.ifsudestemg.edu.br,(32) 4009-3005,dde.jf@ifsudestemg.edu.br
IF SUDESTE MG,ENCCEJA,https://www.ifsudestemg.edu.br/institucional/pro-reitorias/ensino/programas-e-projetos/encceja,(32) 4009-3003,secretaria.jf@ifsudestemg.edu.br
INSTITUTO DE CIÊNCIAS BIOLÓGICAS – ICB,Biblioteca do ICB,,(32) 2102-3203,biblioteca.icb@ufjf.br
INSTITUTO DE CIÊNCIAS BIOLÓGICAS – ICB,Bio-Ciclos,,(32) 99113-1854 | (32) 99806-3917,
INSTITUTO DE CIÊNCIAS BIOLÓGICAS – ICB,Coordenação do Curso de Ciências Biológicas,,(32) 2102-3204,coord.biologia@ufjf.br
INSTITUTO DE CIÊNCIAS BIOLÓGICAS – ICB,Coordenação do Curso de Nutrição,,(32) 2102-3229,coord.nutricao@ufjf.br
INSTITUTO DE CIÊNCIAS BIOLÓGICAS – ICB,Departamento de Anatomia,,(32) 2102-3205,depto.anatomia@ufjf.br
INSTITUTO DE CIÊNCIAS BIOLÓGICAS – ICB,Departamento de Biologia,,(32) 2102-3206 | (32) 2102-6302,depto.biologia@ufjf.br
INSTITUTO DE CIÊNCIAS BIOLÓGICAS – ICB,Departamento de Bioquímica,,(32) 2102-3208,dep.bioquimica@ufjf.br
INSTITUTO DE CIÊNCIAS BIOLÓGICAS – ICB,Departamento de Botânica,,(32) 2102-3207,departamento.botanica@ufjf.br
INSTITUTO DE CIÊNCIAS BIOLÓGICAS – ICB,Departamento de Farmacologia,,,depto.far@ufjf.br
INSTITUTO DE CIÊNCIAS BIOLÓGICAS – ICB,Departamento de Fisiologia,,(32) 2102-3211,depto.fsi@ufjf.br
INSTITUTO DE CIÊNCIAS BIOLÓGICAS – ICB,Departamento de Morfologia/Histologia,,(32) 2102-3212,depto.morfologia@ufjf.br
INSTITUTO DE CIÊNCIAS BIOLÓGICAS – ICB,Departamento de Nutrição,,(32) 2102-3234,depto.nutricao@ufjf.br
INSTITUTO DE CIÊNCIAS BIOLÓGICAS – ICB,Departamento de Zoologia,,(32) 2102-3218,zoologia@icb.ufjf.br
INSTITUTO DE CIÊNCIAS BIOLÓGICAS – ICB,direção,,(32) 2102-3200,direcao.icb@ufjf.br
INSTITUTO DE CIÊNCIAS BIOLÓGICAS – ICB,DPMI/Imunologia,,(32) 2102-3214,
INSTITUTO DE CIÊNCIAS BIOLÓGICAS – ICB,DPMI/Microbiologia,,(32) 2102-3213,
INSTITUTO DE CIÊNCIAS BIOLÓGICAS – ICB,DPMI/Parasitologia,,(32) 2102-3219,
INSTITUTO DE CIÊNCIAS BIOLÓGICAS – ICB,Herbário,,(32) 2102-3224,
INSTITUTO DE CIÊNCIAS BIOLÓGICAS – ICB,IMUNOCET/CPCELL,,(32) 2102-6320,
INSTITUTO DE CIÊNCIAS BIOLÓGICAS – ICB,Laboratório de Bioquímica,,(32) 2102-3217,
INSTITUTO DE CIÊNCIAS BIOLÓGICAS – ICB,Laboratório de Farmacologia – Prof. Jorge,,(32) 2102-3369,
INSTITUTO DE CIÊNCIAS BIOLÓGICAS – ICB,LIP,,(32) 2102-6371,
INSTITUTO DE CIÊNCIAS BIOLÓGICAS – ICB,Malacologia,,(32) 2102-3221,
INSTITUTO DE CIÊNCIAS BIOLÓGICAS – ICB,Pós Graduação Ciências Biológicas – EAD,,(32) 2102-6372,
INSTITUTO DE CIÊNCIAS BIOLÓGICAS – ICB,Pós-Graduação em Biodiversidade e Conservação da Natureza,,(32) 2102-3223,ppg.biodiversidade@ufjf.br
INSTITUTO DE CIÊNCIAS BIOLÓGICAS – ICB,Pós Graduação em Ecologia,,(32) 2102-3227,
INSTITUTO DE CIÊNCIAS BIOLÓGICAS – ICB,PPG Ciências Biológicas,,(32) 2102-3220,ppg.cbio@ufjf.br
INSTITUTO DE CIÊNCIAS BIOLÓGICAS – ICB,Secretaria,https://www.ufjf.br/icb,(32) 2102-3201 | (32) 2102-3202 | (32) 2102-3216,secretaria.icb@ufjf.br
INSTITUTO DE CIÊNCIAS EXATAS – ICE,Secretaria do Curso de Graduação em Ciências Exatas (Diurno),,(32) 2102-3326,secretaria.estatistica@ufjf.br
INSTITUTO DE CIÊNCIAS EXATAS – ICE,Secretaria do Departamento de Ciência da Computação,,(32) 2102-3311,coord.cienciasexatas@ice.ufjf.br
INSTITUTO DE CIÊNCIAS EXATAS – ICE,Secretaria do Departamento de Estatística,,(32) 2102-3306,secretaria.estatistica@ufjf.br
INSTITUTO DE CIÊNCIAS EXATAS – ICE,Secretaria do Departamento de Física,,(32) 2102-3307,secretaria.fisica@ufjf.br
INSTITUTO DE CIÊNCIAS EXATAS – ICE,Secretaria do Departamento de Matemática,,(32) 2102-3308,depto.mat@ufjf.br
INSTITUTO DE CIÊNCIAS EXATAS – ICE,Secretaria do Departamento de Química,,(32) 2102-3310,depto.quimica@ice.ufjf.br
INSTITUTO DE CIÊNCIAS EXATAS – ICE,Secretaria do Instituto de Ciências Exatas – ICE,https://www2.ufjf.br/ice,(32) 2102-3301,secretaria.ice@ice.ufjf.br
INSTITUTO DE CIÊNCIAS EXATAS – ICE,"Secretaria dos Cursos de Graduação em Computação (Diurno e Noturno), Estatística (Diurno), Física (Diurno e Noturno), Matemática (Diurno e Noturno), Sistemas de Informação (Noturno) e Química (Diurno e Noturno)",,(32) 2102-3316,coordenacoes.ice@ufjf.br
INSTITUTO DE CIÊNCIAS HUMANAS – ICH,Secretaria,https://www2.ufjf.br/ich,(32) 2102-3101,secretaria.ich@ufjf.br
LETRAS,Biblioteca da Letras,,,biblioteca.letras@ufjf.br
LETRAS,Biblioteca do ICH,,(32) 2102-3111,biblioteca.ich@ufjf.br
LETRAS,Coordenação do curso de Bacharelado em Letras,,,coord.letrasbacharelado@ufjf.br
LETRAS,Coordenação do curso de Letras-Libras,https://www.ufjf.br/letraslibras,(32) 2102-3126,coord.letraslibras@ufjf.br
LETRAS,Coordenação do curso de Licenciatura em Letras – Integral,,(32) 2102-3126,coord.letrasintegral@ufjf.br
LETRAS,Coordenação do curso de Licenciatura em Letras – Noturno,,(32) 2102-3126,coord.letrasnoturno@ufjf.br
LETRAS,Direção,,(32) 2102-3151,direcao.letras@ufjf.br
LETRAS,Mestrado Profissional em Letras (ProfLetras),https://www.ufjf.br/profletras,(32) 2102-3112,mestrado.profletras@ufjf.br
LETRAS,Programa de Pós-Graduação em Letras: Estudos Literários,https://www2.ufjf.br/ppgletras,(32) 2102-3118,ppg.letras@ufjf.br
LETRAS,Programa de Pós-Graduação em Linguísticas,https://www2.ufjf.br/ppglinguistica,(32) 2102-3134,ppg.linguistica@ufjf.br
LETRAS,Secretaria,https://www2.ufjf.br/faclet,(32) 2102-3150 | (32) 2102-3153,secretaria.letras@ufjf.br
MATEMÁTICA,Chefia do Departamento de Matemática,,,chefia.dm@ice.ufjf.br
MATEMÁTICA,Coordenação da Graduação em Matemática diurno (modalidade licenciatura e bacharelado – códigos 65F/65AF/65FB/65FL),https://www2.ufjf.br/matematica,(32) 2102-3316,coord.matdiurno@ufjf.br
MATEMÁTICA,Coordenação da Graduação em Matemática noturno (modalidade licenciatura – código 82A),,(32) 2102-3316,ccmat.ufjf@gmail.com
MATEMÁTICA,Coordenação da Graduação em Matemátida EAD (modalidade licenciatura – código 62 – vários polos):,https://www.cead.ufjf.br/curso/matematica,(32) 2102-3488,secretaria.limatematica.ead@ufjf.br
MATEMÁTICA,Mestrado Acadêmico,https://www.ufjf.br/mestradomatematica,(32) 2102-3328 | (32) 2102-3308,
MATEMÁTICA,Mestrado Educação Matemática,https://www.ufjf.br/mestradoedumat,(32) 2102-3342 | (32) 2102-3308,
MATEMÁTICA,PROFMAT,https://www.ufjf.br/profmat,(32) 2102-3339,
MATEMÁTICA,Secretaria,https://www2.ufjf.br/mat,(32) 2102-3308 | (32) 2102-3315,depto.mat@ufjf.br
MEDICINA,Biblioteca da Medicina,,,biblioteca.medicina@ufjf.br
MEDICINA,Comissão de Estágios da Medicina – COE,,(32) 2102-6842,comissao.estagiosmedicina@ufjf.br
MEDICINA,Coordenação de Curso,,(32) 2102-3844,coord.medicina@ufjf.br
MEDICINA,Secretaria,https://www.ufjf.br/medicina,(32) 2102-3841 | (32) 2102-3845,secretaria.medicina@ufjf.br
MEDICINA VETERINÁRIA,Clínica Veterinária de Ensino,https://www2.ufjf.br/clinicaveterinaria,(32) 2102-3841 | (32) 2102-3845,clinica.veterinaria@ufjf.br
MEDICINA VETERINÁRIA,Coordenação de Curso,,(32) 2102-3590,coord.veterinaria@ufjf.br
MEDICINA VETERINÁRIA,Estágio (COE),,(32) 2102-3590,comissao.estagiovet@ufjf.br
MEDICINA VETERINÁRIA,Secretaria,https://www.ufjf.br/veterinaria,(32) 2102-6851,depto.veterinaria@ufjf.br
MEMORIAL DA REPÚBLICA ITAMAR FRANCO,"Agendamentos de visitas e propostas de ocupação do espaço (exposições, eventos, etc)",,,cultura.memorial@ufjf.br
MEMORIAL DA REPÚBLICA ITAMAR FRANCO,Arquivo,,,arquivo.memorial@ufjf.br
MEMORIAL DA REPÚBLICA ITAMAR FRANCO,Biblioteca,,,biblioteca.memorial@ufjf.br
MEMORIAL DA REPÚBLICA ITAMAR FRANCO,Secretaria,https://www.mrpitamarfranco.com.br,(32) 2102-3594,secretaria.memorial@ufjf.br
MEMORIAL DA REPÚBLICA PRESIDENTE ITAMAR FRANCO,Contato geral,https://mrpitamarfranco.com.br,(32) 3212-2078,secretaria.memorial@ufjf.br
MUSEU DE ARQUEOLOGIA E ETNOLOGIA AMERICANA – MAEA,Contato geral,https://www2.ufjf.br/procult/orgaos-executores/museu-de-arqueologia-e-etnologia-americana/,(32) 3211-7432,maea.ufjf@gmail.com
MUSEU DE ARTE MODERNA MURILO MENDES – MAMM,Biblioteca e Informação,,(32) 2102-3578,biblios.mam@ufjf.br
MUSEU DE ARTE MODERNA MURILO MENDES – MAMM,Difusão Cultural e Museologia,,(32) 2102-3583,museologia.mam@ufjf.br
MUSEU DE ARTE MODERNA MURILO MENDES – MAMM,Direção,,(32) 2102-3579,administracao.mam@ufjf.br
MUSEU DE ARTE MODERNA MURILO MENDES – MAMM,Laboratório de Conservação e Restauração de Papel,,(32) 2102-3580,
MUSEU DE ARTE MODERNA MURILO MENDES – MAMM,Laboratório de Conservação e Restauração de Pintura,,(32) 2102-3581,
MUSEU DE ARTE MODERNA MURILO MENDES – MAMM,Recepção,https://www.museudeartemurilomendes.com.br,(32) 2102-3582,administracao.mam@ufjf.br
MUSEU DE ARTE MODERNA MURILO MENDES – MAMM,Secretaria,,(32) 2102-3584,administracao.mam@ufjf.br
MUSEU DE ARTE MURILO MENDES – MAMM,Contato geral,http://www.museudeartemurilomendes.com.br,(32) 3229-7651,administracao.mam@ufjf.edu.br
NAI – Núcleo de Apoio À Inclusão,Intérpretes de Libras,,(32) 2102-3781,interpretesdelibrasufjf@gmail.com
NAI – Núcleo de Apoio À Inclusão,Secretaria,https://www.ufjf.br/nai,(32) 2102-3944,nucleo.nai@ufjf.br
NUTRIÇÃO,COE - Comissão de Orientação de Estágio,,(32) 2102-6375,coe.nutricao@ufjf.br
NUTRIÇÃO,Comissão de Trabalho de Conclusão de Curso (TCC),,,tcc.comissao@gmail.com
NUTRIÇÃO,Coordenação do Curso de Nutrição,https://www2.ufjf.br/nutricao,(32) 2102-3234,coord.nutricao@ufjf.br
NUTRIÇÃO,Departamento de Nutrição,,,dep.nutricao@ufjf.br
NUTRIÇÃO,"Laboratórios de Técnica Dietética, Análise Instrumental e Composição de Alimentos",,(32) 2102-3234,
NUTRIÇÃO,Secretaria,,(32) 2102-3229,
ODONTOLOGIA,ODONTOLOGIA - Biblioteca de Odontologia e Farmácia,,(32) 2102-3860,
ODONTOLOGIA,Comissão Orientadora de Estágios (COE),,,coe.odonto@ufjf.br
ODONTOLOGIA,Coordenação do Curso,,(32) 2102-3854,coord.odontologia@ufjf.br
ODONTOLOGIA,Coordenação do Programa de Pós-graduação em Odontologia,,(32) 2102-3881,ppg.odontologia@ufjf.br
ODONTOLOGIA,Departamento de Clínica Odontológica (CLO),,(32) 2102-3857,depto.clo@ufjf.br
ODONTOLOGIA,Departamento de Odontologia Restauradora – ORE,,(32) 2102-3859,depto.ore@ufjf.br
ODONTOLOGIA,Departamento de Odontologia Social e Infantil (OSI),,(32) 2102-3858,depto.osi@ufjf.br
ODONTOLOGIA,Direção,,(32) 2102-3850,direcao.odonto@ufjf.br
ODONTOLOGIA,Radiologia,,(32) 2102-3863  (de 07h às 13h),
ODONTOLOGIA,Secretaria,https://www.ufjf.br/odontologia,(32) 2102-3870,
ODONTOLOGIA,Triagem,,(32) 2102-3873/ 2102-3890,
OUVIDORIA,Ouvidoria Geral,https://www2.ufjf.br/ouvidoria/,(32) 2102-3380,ouvidoria@ufjf.br
OUVIDORIA,SIC – Serviço de Informação ao Cidadão,https://www.ufjf.br/ufjf/acesso-a-informacao/sic,(32) 2102-3996,sic@ufjf.br
PEDAGOGIA,Coordenação do Curso,https://www.ufjf.br/pedagogia,,coord.pedagogiadiurno@ufjf.br | coord.pedagogianoturno@ufjf.br
PEDAGOGIA UAB FACED,Secretaria,https://www.ufjf.br/pedagogia,(32) 2102-3668,pedagogia.uab@ufjf.br
PEDAGOGIA ESTÁGIO,ESTÁGIO,https://www.ufjf.br/pedagogia,,relatorioestagio.pedagogiadiurno@ufjf.br | relatorioestagio.pedagogianoturno@ufjf.br | estagio.pedagogiadiurno@ufjf.br | estagio.pedagogianoturno@ufjf.br
PRÓ-MÚSICA,,https://www2.ufjf.br/ufjf/culturaelazer/promusica/,(32) 3215-3951,
PRÓ-REITORIA DE CULTURA – PROCULT,Forum da Cultura,https://www.ufjf.br/procult/,(32) 2102-6305,forumdacultura@ufjf.br
PRÓ-REITORIA DE CULTURA – PROCULT,Gabinete,https://www.ufjf.br/procult/,(32) 2102-3987,
PRÓ-REITORIA DE CULTURA – PROCULT,Memorial da República Presidente Itamar Franco,https://www.ufjf.br/procult/,(32) 2102-3594,secretaria.memorial@ufjf.br
PRÓ-REITORIA DE CULTURA – PROCULT,Museu de Arqueologia e Etnologia Americana,https://www.ufjf.br/procult/,(32) 2102-6380,maea@ufjf.br
PRÓ-REITORIA DE CULTURA – PROCULT,Museu de Arte Murilo Mendes,https://www.ufjf.br/procult/,(32) 2102-3582 | (32) 2102-3583,producao.mamm@ufjf.br
PRÓ-REITORIA DE CULTURA – PROCULT,Secretaria da Procult,https://www.ufjf.br/procult/,(32) 2102-3964 | (32) 2102-3965,secretaria.procultura@ufjf.br
PROAE JUIZ DE FORA,Moradia,,,moradia.proae@ufjf.br
PROAE JUIZ DE FORA/GV,Pedagógico,,32) 2102-3887,pedagogia.gv@ufjf.br / pedagogico.proae@ufjf.br
PROAE JUIZ DE FORA,PROAE JUIZ DE FORA,https://www.ufjf.br/proae,(32) 2102-3777,secretaria.proae@ufjf.br
PROAE JUIZ DE FORA/GV,Psicologia,,,psicologia.gv@ufjf.br / psicologia.proae@ufjf.br
PROAE JUIZ DE FORA/GV,Serviço Social,,32) 2102-3886<,atendimentosocial.gv@ufjf.br
PROCURADORIA – ADVOCACIA GERAL DA UNIÃO (AGU),Atendimento Geral,,(32) 2102-3907 | (32) 2102-3988,procuradoria@ufjf.br
PROEX – PRÓ-REITORIA E EXTENSÃO,Cursinho Popular Garra,https://sites.google.com/view/garra-cursinho-popular,(32) 2102-3971,"acompanhamentoestudantil24@gmail.com, comunica.garra@gmail.com"
PROEX – PRÓ-REITORIA E EXTENSÃO,Centro de Ciências,https://www.ufjf.br/centrodeciencias,(32) 2102-6913,
PROEX – PRÓ-REITORIA E EXTENSÃO,Emissão de certificados,,,proexufjfcertificados@gmail.com
PROEX – PRÓ-REITORIA E EXTENSÃO,Emissão de certificados da PROEX,,,certificado.extensao@ufjf.br
PROEX – PRÓ-REITORIA E EXTENSÃO,Gerência de Ações de Extensão,,(32) 2102-3959 | (32) 2102-3961,extensao@ufjf.br
PROEX – PRÓ-REITORIA E EXTENSÃO,Intecoop – Incubadora Tecnológica de Cooperativas Populares,,(32) 2102-6313,intecoopufjf@gmail.com
PROEX – PRÓ-REITORIA E EXTENSÃO,Secretaria,https://www.ufjf.br/proex,(32) 2102-3971,secretaria.extensao@ufjf.br
PROEX – PRÓ-REITORIA E EXTENSÃO,Setor de Acompanhamento e Monitoramento,,(32) 2102-3962,monitoria.extensao@ufjf.br
PROEX – PRÓ-REITORIA E EXTENSÃO,Setor de Comunicação e Eventos,,(32) 2102-3961,eventosproexufjf@gmail.com
PROGEFI,Centro de Suprimentos,https://www2.ufjf.br/cosup/,(32) 2102-3739 | (32) 2102-3745 | (32) 2102-3740,logistica.cosup@ufjf.br
PROGEFI,Comissão de Gerenciamento do SCDP,https://www2.ufjf.br/scdp/,(32) 2102-3921,reservas.planejamento@ufjf.br
PROGEFI,Coordenação de Contratos,https://www2.ufjf.br/contratos/,(32) 2102-3920,contratos.proinfra@ufjf.br
PROGEFI,Coordenação de Convênios,https://www2.ufjf.br/convenio/,(32) 2102-3916,coord.convenios@ufjf.br
PROGEFI,Coordenação de Execução e Suporte Financeiro,https://www2.ufjf.br/coesf/,(32) 2102-3948,coesf@ufjf.br
PROGEFI,Gerência de Fiscalização e Administração de Contratos Terceirizados,,(32) 2102-3942,gfac.proinfra@ufjf.br
PROGEFI,Secretaria da PROGEFI,https://www2.ufjf.br/progefi/,(32) 2102-3918 | (32) 2102-3985,progefi@ufjf.br
PROGEPE,Coordenação de Administração de Pessoal (CAP),,(32) 2102-3923,cap.progepe@ufjf.br
PROGEPE,Gerência de Cadastro (GCAD/CAP),,(32) 2102-3925 | (32) 2102-3935,gerenciacadastro.progepe@ufjf.br
PROGEPE,Gerência de Remuneração (GREM/CAP),,(32) 2102-3924 | (32) 2102-3926,gerenciapagamento.progepe@ufjf.br
PROGEPE,Núcleo de Apoio e Gestão de Carreiras (NUGEC/ADJ),,(32) 2102-3931,carreiras.progepe@ufjf.br
PROGEPE,"Núcleo de Planejamento, Inovação e Assistência (NUPLA/ADJ)",,(32) 2102-3908 | (32) 2102-3928,nupla.progepe@ufjf.br
PROGEPE,Pró-reitoria Adjunta de Gestão de Pessoas (ADJ),,(32) 2102-3930,proreitoriaadjunta.progepe@ufjf.br
PROGEPE,PROQUALI – Programa de Apoio à Qualificação (NUDEP/ADJ),,(32) 2102-3937 | (32) 2102-3973,qualifica.progepe@ufjf.br
PROGEPE,Secretaria da PROGEPE,https://www.ufjf.br/progepe,(32) 2102-3930,secretaria.progepe@ufjf.br
PROGEPE – PRÓ-REITORIA DE GESTÃO DE PESSOAS,Assistência à Saúde Suplementar (Plano de Saúde/CAP),,(32) 2102-3933,planodesaude.progepe@ufjf.br
PROGEPE – PRÓ-REITORIA DE GESTÃO DE PESSOAS,Coordenação de Alocação e Movimentação de Pessoas (CAMP),,(32) 2102-3932,camp.progepe@ufjf.br
PROGEPE – PRÓ-REITORIA DE GESTÃO DE PESSOAS,"Coordenação de Saúde, Segurança e Bem-Estar (COSSBE)",,(32) 2102-3575,siass@ufjf.br
PROGEPE – PRÓ-REITORIA DE GESTÃO DE PESSOAS,Equipe Multiprofissional,,(32) 2102-3296,
PROGEPE – PRÓ-REITORIA DE GESTÃO DE PESSOAS,Exames Admissionais,,(32) 2102-3885,gersaude.progepe@ufjf.br
PROGEPE – PRÓ-REITORIA DE GESTÃO DE PESSOAS,Gerência de Alocação de Pessoas (GAP/CAMP),,(32) 2102-3927,gap.progepe@ufjf.br
PROGEPE – PRÓ-REITORIA DE GESTÃO DE PESSOAS,Gerência de Recrutamento e Seleção do Quadro Efetivo (GRSECAMP),,(32) 2102-3929,grse.progepe@ufjf.br
PROGEPE – PRÓ-REITORIA DE GESTÃO DE PESSOAS,Gerência de Recrutamento e Seleção do Quadro Temporário e Controle de Vagas (GRST/CAMP),,(32) 2102-3914,grst.progepe@ufjf.br
PROGEPE – PRÓ-REITORIA DE GESTÃO DE PESSOAS,Gerência de Saúde do Trabalhador,,(32) 2102-3575 | (32) 2102-3815,
PROGEPE – PRÓ-REITORIA DE GESTÃO DE PESSOAS,Gerência de Segurança do Trabalho (GST/COSSBE),,(32) 2102-3817 | (32) 2102-3269,gst.progepe@ufjf.br
PROGEPE – PRÓ-REITORIA DE GESTÃO DE PESSOAS,PROADES – Programa de Avaliação de Desempenho dos Técnico-Administrativos em Educação (NUGEC/ADJ),https://proadj/nugec/proades/,(32) 2102-3913,proades@ufjf.br
PROGEPE – PRÓ-REITORIA DE GESTÃO DE PESSOAS,Secretaria da COSSBE/Unidade SIASS,,(32) 2102-3815,
PROGRAD – PRÓ-REITORIA DE GRADUAÇÃO,Coordenação de Licenciaturas,,,licenciaturas.prograd@ufjf.br
PROGRAD – PRÓ-REITORIA DE GRADUAÇÃO,Coordenação dos Programas de Graduação (bolsas),,(32) 2102-3787,coord.prograd@ufjf.br
PROGRAD – PRÓ-REITORIA DE GRADUAÇÃO,Gerência de Estágios,,(32) 2102-3776,estagio.prograd@ufjf.br
PROGRAD – PRÓ-REITORIA DE GRADUAÇÃO,"(Monitoria, Treinamento Profissional, PET, GET, outras)",,,
PROGRAD – PRÓ-REITORIA DE GRADUAÇÃO,Projeto de Universalização de Línguas Estrangeiras – PU,,(32) 2102-3383,projeto.universalizacao@ufjf.br
PROGRAD – PRÓ-REITORIA DE GRADUAÇÃO,Regulação,,(32) 2102-3905,piufjf.regulacao@gmail.com
PROGRAD – PRÓ-REITORIA DE GRADUAÇÃO,Secretaria,https://www.ufjf.br/prograd,(32) 2102-3975,secretaria.prograd@ufjf.br
PROINFRA – PRÓ-REITORIA DE INFRAESTRUTURA E GESTÃO,Almoxarifado da Proinfra,,(32) 2102-3700,almox.proinfra@ufjf.br
PROINFRA – PRÓ-REITORIA DE INFRAESTRUTURA E GESTÃO,Arquitetos,,(32) 2102-3717,
PROINFRA – PRÓ-REITORIA DE INFRAESTRUTURA E GESTÃO,"Coordenação de Informática, Infocentros e Telefonia",,(32) 2102-3705,
PROINFRA – PRÓ-REITORIA DE INFRAESTRUTURA E GESTÃO,Coordenação de Manutenção Civil e Reformas,,(32) 2102-3725,
PROINFRA – PRÓ-REITORIA DE INFRAESTRUTURA E GESTÃO,"Coordenação de Manutenção Elétrica, Eletrônica e Equipamentos",https://www2.ufjf.br/proinfra/coordenacao-e-gerencia-2/coordenacao-de-manutencao-civil-e-reformas,(32) 2102-3702 | (32) 2102-6363,
PROINFRA – PRÓ-REITORIA DE INFRAESTRUTURA E GESTÃO,Coordenação de Projetos e Obras,https://www2.ufjf.br/proinfra/coordenacao-de-projetos-e-obras,,almoxarifado.central@ufjf.br
PROINFRA – PRÓ-REITORIA DE INFRAESTRUTURA E GESTÃO,Coordenação de Vigilância,https://www2.ufjf.br/proinfra/coordenacao-de-vigilancia,(32) 2102-3793 | (32) 2102-3716,diseg@ufjf.br
PROINFRA – PRÓ-REITORIA DE INFRAESTRUTURA E GESTÃO,Engenheiros,,(32) 2102-3798,
PROINFRA – PRÓ-REITORIA DE INFRAESTRUTURA E GESTÃO,Engenheiros eletricistas,,(32) 2102-3715,
PROINFRA – PRÓ-REITORIA DE INFRAESTRUTURA E GESTÃO,Equipamentos e Refrigeração,,(32) 2102-3794,
PROINFRA – PRÓ-REITORIA DE INFRAESTRUTURA E GESTÃO,Equipe de Manutenção,,(32) 2102-3783,
PROINFRA – PRÓ-REITORIA DE INFRAESTRUTURA E GESTÃO,Escritório de Projetos,,(32) 2102-6928,
PROINFRA – PRÓ-REITORIA DE INFRAESTRUTURA E GESTÃO,Ferramentaria,,(32) 2102-6308,
PROINFRA – PRÓ-REITORIA DE INFRAESTRUTURA E GESTÃO,Gerência Administrativa e Financeira,,(32) 2102-3704,
PROINFRA – PRÓ-REITORIA DE INFRAESTRUTURA E GESTÃO,Gerência de Compras,,(32) 2102-3742,
PROINFRA – PRÓ-REITORIA DE INFRAESTRUTURA E GESTÃO,Gerência de Paisagismo,,(32) 2102-3783,
PROINFRA – PRÓ-REITORIA DE INFRAESTRUTURA E GESTÃO,Gerência de Transporte,https://www.ufjf.br/transporte,(32) 2102-3714,transporte@ufjf.br
PROINFRA – PRÓ-REITORIA DE INFRAESTRUTURA E GESTÃO,"Hidráulica, Obras e Pintura",,(32) 2102-3729,
PROINFRA – PRÓ-REITORIA DE INFRAESTRUTURA E GESTÃO,Infocentros,,(32) 2102-3728,infocentro@ufjf.br
PROINFRA – PRÓ-REITORIA DE INFRAESTRUTURA E GESTÃO,Licitação e Pregão,,(32) 2102-3740,logistica.cosup@ufjf.br
PROINFRA – PRÓ-REITORIA DE INFRAESTRUTURA E GESTÃO,(Localizado no Salão de leitura da Bilbioteca Central),,,
PROINFRA – PRÓ-REITORIA DE INFRAESTRUTURA E GESTÃO,Manutenção de Informática,,(32) 2102-3995,
PROINFRA – PRÓ-REITORIA DE INFRAESTRUTURA E GESTÃO,Oficina,,(32) 2102-3706 | (32) 2102-3728 | (32) 2102-3708,
PROINFRA – PRÓ-REITORIA DE INFRAESTRUTURA E GESTÃO,Parques e Jardins,,(32) 2102-3783,
PROINFRA – PRÓ-REITORIA DE INFRAESTRUTURA E GESTÃO,Portaria,,(32) 2102-3716,diseg@ufjf.br
PROINFRA – PRÓ-REITORIA DE INFRAESTRUTURA E GESTÃO,Protocolo e Correios,,(32) 2102-3718,protocolo.proinfra@ufjf.br
PROINFRA – PRÓ-REITORIA DE INFRAESTRUTURA E GESTÃO,Sala de Projetos,,(32) 2102-3782,
PROINFRA – PRÓ-REITORIA DE INFRAESTRUTURA E GESTÃO,Secretaria,https://www2.ufjf.br/proinfra,(32) 2102-3713,secretaria.proinfra@ufjf.br
PROINFRA – PRÓ-REITORIA DE INFRAESTRUTURA E GESTÃO,Segurança do Trabalho,,(32) 2102-3711,
PROINFRA – PRÓ-REITORIA DE INFRAESTRUTURA E GESTÃO,Serralheria/Marcenaria,,(32) 2102-3722,
PROINFRA – PRÓ-REITORIA DE INFRAESTRUTURA E GESTÃO,Suporte de Informática,,(32) 2102-3370,
"PROPLAN – PRÓ-REITORIA DE PLANEJAMENTO, ORÇAMENTO E FINANÇAS",Centro de Difusão do Conhecimento – CDC,https://www.ufjf.br/biblioteca,(32) 2102-3761,secretaria.cdc@ufjf.br
"PROPLAN – PRÓ-REITORIA DE PLANEJAMENTO, ORÇAMENTO E FINANÇAS",Comissão de gerenciamento do SCDP,https://www.ufjf.br/planejamento/scdp,(32) 2102-3921,reservas.planejamento@ufjf.br
"PROPLAN – PRÓ-REITORIA DE PLANEJAMENTO, ORÇAMENTO E FINANÇAS",Coordenação de Execução e Suporte Financeiro – COESF,https://www2.ufjf.br/coesf,(32) 2102-3948,coesf@ufjf.br
"PROPLAN – PRÓ-REITORIA DE PLANEJAMENTO, ORÇAMENTO E FINANÇAS",Equipe Técnica – Secretaria,https://www.ufjf.br/planejamento,(32) 2102-3938,planejamento@ufjf.br
"PROPLAN – PRÓ-REITORIA DE PLANEJAMENTO, ORÇAMENTO E FINANÇAS",Responsável pelo gerenciamento das bibliotecas da UFJF,,,
"PROPLAN – PRÓ-REITORIA DE PLANEJAMENTO, ORÇAMENTO E FINANÇAS",Sistema de Concessão de Diárias e Passagem (SCDP),,,
"PROPLAN – PRÓ-REITORIA DE PLANEJAMENTO, ORÇAMENTO E FINANÇAS",Sistema eletrônico de Informações – SEI (Reitoria/Campus),https://www2.ufjf.br/sei,(32) 2102-3984,sei@ufjf.br
PROPP – PRÓ-REITORIA DE PÓS-GRADUAÇÃO E PESQUISA,Direção,https://www2.ufjf.br/propp/,,(32) 2102-3108
PROPP – PRÓ-REITORIA DE PÓS-GRADUAÇÃO E PESQUISA,Sala de Projetos,https://www2.ufjf.br/propp/,(32 2102-3122,
PROPP – PRÓ-REITORIA DE PÓS-GRADUAÇÃO E PESQUISA,Bolsas de pós-graduação,https://www2.ufjf.br/propp/pos-graduacao/bolsas-depos-graduacao,(32) 2102-3775,bolsaspg.propp@ufjf.br
PROPP – PRÓ-REITORIA DE PÓS-GRADUAÇÃO E PESQUISA,Centro de Bioterismo Regional (antigo Centro de Biologia da Reprodução) – CBR,https://www2.ufjf.br/cbr,(32) 2102-3255 | (32) 2102-3251,bioterio.cbr@ufjf.br | laboratorio.cbr@ufjf.br | direcao.cbr@ufjf.br
PROPP – PRÓ-REITORIA DE PÓS-GRADUAÇÃO E PESQUISA,Centro de Pesquisas Sociais – CPS,https://www2.ufjf.br/cps,(32) 2102-3104,cps@ufjf.br
PROPP – PRÓ-REITORIA DE PÓS-GRADUAÇÃO E PESQUISA,Comissão de Ética no Uso de Animais (CEUA),http://www.ufjf.br/ceua,(32) 2102-3784,ceua.propp@ufjf.br
PROPP – PRÓ-REITORIA DE PÓS-GRADUAÇÃO E PESQUISA,Comissão de Residência Médica – COREME,https://www2.ufjf.br/huresidencias/coreme-2,(32) 4009-5167,coreme.huufjf@ebserh.gov.br
PROPP – PRÓ-REITORIA DE PÓS-GRADUAÇÃO E PESQUISA,Comissão de Residência Multiprofissional e em Área Profissional da Saúde – COREMU,https://www2.ufjf.br/huresidencias/coremu,(32) 4009-5167 | (32) 2102-3773,coremu@ufjf.br
PROPP – PRÓ-REITORIA DE PÓS-GRADUAÇÃO E PESQUISA,Comissão de Residência Multiprofissional e em Área Profissional da Saúde– COREMU,https://www2.ufjf.br/huresidencias/coremu/,(32) 4009-5167 | (32) 2102-3773,geracad.propp@ufjf.br
PROPP – PRÓ-REITORIA DE PÓS-GRADUAÇÃO E PESQUISA,Comitê Assessor de Pesquisa,,(32) 2102-3880,cap.propp@ufjf.br
PROPP – PRÓ-REITORIA DE PÓS-GRADUAÇÃO E PESQUISA,Comitê Assessor de Pesquisa (CAP),https://www2.ufjf.br/propp/institucional/comitesetica/comite-assessor-ao-cspp,(32) 2102-3880,pesquisa.propp@ufjf.br
PROPP – PRÓ-REITORIA DE PÓS-GRADUAÇÃO E PESQUISA,Comitê de Ética em Pesquisa com Seres Humanos (CEP),https://www2.ufjf.br/comitedeetica,(32) 2102-3788,cep.propp@ufjf.br
PROPP – PRÓ-REITORIA DE PÓS-GRADUAÇÃO E PESQUISA,Comitê de Ética em Pesquisa com Seres Humanos (CEP),,(32) 2102-3788,cep.propp@ufjf.br
PROPP – PRÓ-REITORIA DE PÓS-GRADUAÇÃO E PESQUISA,Conselho Setorial de Pós-Graduação e Pesquisa (CSPP),https://www2.ufjf.br/cspp,(32) 2102-3720,cspp@ufjf.br
PROPP – PRÓ-REITORIA DE PÓS-GRADUAÇÃO E PESQUISA,Contratação de Professor Visitante,https://www2.ufjf.br/propp/professor-visitante-2025,(32) 2102-3778,visitantes.propp@ufjf.br
PROPP – PRÓ-REITORIA DE PÓS-GRADUAÇÃO E PESQUISA,Editora da UFJF,https://www2.ufjf.br/niassa,(32) 2102-3720,niassa@ufjf.br
PROPP – PRÓ-REITORIA DE PÓS-GRADUAÇÃO E PESQUISA,Gerência Acadêmica: Pós-graduação lato e stricto sensu Homologação de título,https://www2.ufjf.br/propp/pos-graduacao/documentosstricto/stricto-sensu-clique-aqui/proposta-deconcessao-de-diarias-e-passagens,(32) 2102-3773 | (32) 2102-3880,geracad.propp@ufjf.br
PROPP – PRÓ-REITORIA DE PÓS-GRADUAÇÃO E PESQUISA,Gerência de Pesquisa Pesquisa Iniciação Científica Bolsas de IC Projetos Grupos de pesquisa e laboratórios,https://www2.ufjf.br/propp/pesquisa,(32) 2102-3784,pesquisa.propp@ufjf.br
PROPP – PRÓ-REITORIA DE PÓS-GRADUAÇÃO E PESQUISA,Núcleo Administrativo: SCDP Reembolsos Compras/Pagamentose doutorado,https://www2.ufjf.br/propp/pos-graduacao/documentosstricto/stricto-sensu-clique-aqui/proposta-deconcessao-de-diarias-e-passagens,(32) 2102-3785,scdp.propp@ufjf.br | adm.propp@ufjf.br
PROPP – PRÓ-REITORIA DE PÓS-GRADUAÇÃO E PESQUISA,Revista Principia,https://periodicos.ufjf.br/index.php/principia,(32) 2102-3720,propp@ufjf.br
PROPP – PRÓ-REITORIA DE PÓS-GRADUAÇÃO E PESQUISA,Secretaria,https://www2.ufjf.br/propp,(32) 2102-3766,propp@ufjf.br
PROPP – PRÓ-REITORIA DE PÓS-GRADUAÇÃO E PESQUISA,Semic,https://www2.ufjf.br/semic,,semic@ufjf.br
PROSDAV,Centro de Gestão do Conhecimento Organizacional – CGCO,https://www2.ufjf.br/cgco/,(32) 2102-3371,secretaria.cgco@ufjf.br
PROSDAV,Pró-Reitoria de Sistemas de Dados e Avaliação,https://www2.ufjf.br/prosdav/,(32) 2102-3981,prosdav@ufjf.br
PSICOLOGIA,Coordenação do Curso,https://www.ufjf.br/psicologia,,coord.psicologia@ufjf.br
QUÍMICA,Coordenação do Curso de Licenciatura em Química a distância,https://www2.ufjf.br/quimicaead,(32) 2102-3316,secrataria.liquimica.ead@ufjf.br
QUÍMICA,Coordenação do Curso de Licenciatura em Química Noturno,https://www2.ufjf.br/quimicanoturno,(32) 2102-3316,coord.quimicanoturno@ufjf.br
QUÍMICA,Coordenação dos cursos de Licenciatura e Bacharelado em Química Integral,https://www2.ufjf.br/ice,(32) 2102-3316,coord.quimicadiurno@ufjf.br
QUÍMICA,Departamento de Química,https://www2.ufjf.br/quimica,(32) 2102-3310,depto.quimica@ufjf.br
QUÍMICA,Programa de Pós-Graduação em Química,https://www2.ufjf.br/ppgquimica,(32) 2102-3309,ppgquimica.ice@ufjf.br
REITORIA,Escritório de Processos,https://www.ufjf.br/escritoriodeprocessos,(32) 2102-6379,escritoriodeprocessos@ufjf.br
REITORIA,Secretaria do Gabinete,,(32) 2102-3903,secretaria.reitoria@ufjf.br
REITORIA,Secretaria Geral,,(32) 2102-3904 | (32) 2102-3909,secretariageral.reitoria@ufjf.br
RESTAURANTE UNIVERSITÁRIO – RU,RU Campus,https://www.ufjf.br/ru,(32) 2102-3491 | (32) 2102-3497,ru.ufjf@gmail.com
RESTAURANTE UNIVERSITÁRIO – RU,RU Centro,,(32) 2102-3585,
SEMPRE VIVO – Programa de doação voluntária de corpos para fins de ensino e pesquisa,Departamento de Anatomia,https://www.ufjf.br/anatomia,(32) 2102-3205,depto.anatomia@ufjf.br
SERVIÇO SOCIAL,Biblioteca do Serviço Social,,,biblioteca.servicosocial@ufjf.br
SERVIÇO SOCIAL,"Casa Helenira Preta – Localizada na Av. Barão do Rio Branco, 3372 ou pela Rua Severino Meireles, 260 – Passos – Juiz de Fora",https://www.ufjf.br/facssocial/institucional/casa-helenira-preta/,(32) 2102-6310,casa.helenirarezende@ufjf.br
SERVIÇO SOCIAL,Coordenação de estágio,,(32) 2102-3564,coe.fss@ufjf.br
SERVIÇO SOCIAL,Coordenação do Curso da Graduação,,(32) 2102-3563,coord.ssocial@ufjf.br
SERVIÇO SOCIAL,Direção,,(32) 2102-3560,direcao.ssocial@ufjf.br
SERVIÇO SOCIAL,PPGSS,,(32) 2102-3569,ppg.ssocial@ufjf.br
SERVIÇO SOCIAL,Secretaria,https://www.ufjf.br/facssocial,(32) 2102-3561,secretaria.ssocial@ufjf.br
SINTUFEJUF – Sindicato dos trabalhadores técnico-administrativos em educação das instituições federais de ensino no município de Juiz de Fora,"Sede administrativa: Rua Santo Antônio, 309 – Centro (ao lado do Restaurante Universitário)",https://www.sintufejuf.org.br,(32) 3215-7979,comunicacao@sintufejuf.org.br
TURISMO,Turismo,www.ufjf.br/turismo,(32) 2102-3119,coordenacaoturufjf@gmail.com
VALADARES – GV,Almoxarifado,,,
VALADARES – GV,Almoxarifado e Patrimônio,,,patrimonio.gv@ufjf.br
VALADARES – GV,Arquivo,,,arquivo.gv@ufjf.br
VALADARES – GV,Assistência Estudantil,,,atendimentosocial.gv@ufjf.br | psicologia.gv@ufjf.br
VALADARES – GV,Associação Brasileira de Odontologia (ABO),,,
VALADARES – GV,Biblioteca Centro,,,
VALADARES – GV,Biblioteca do Campus Avançado Governador Valadares,,(33) 3301-1011,biblioteca.sociais.gv@ufjf.br | biblioteca.saude.gv@ufjf.br
VALADARES – GV,Biblioteca Vila Bretas,,,
VALADARES – GV,Central de Atendimento,,(33) 3301-1002,caad.gv@ufjf.br
VALADARES – GV,Clínica Escola de Fisioterapia,,,
VALADARES – GV,"Comunicação, Cultura e Eventos",,(33) 3301-1015,comunicacao.gv@ufjf.br
VALADARES – GV,Contratos,,,contratos.gv@ufjf.br
VALADARES – GV,Coordenação Acadêmica,,,
VALADARES – GV,COORDENAÇÃO ADMINISTRATIVA,,,
VALADARES – GV,COORDENAÇÃO DE GESTÃO DE PESSOAS,,,
VALADARES – GV,Coordenação de Recursos Humanos,,(33) 3301-1003,
VALADARES – GV,Coordenações dos cursos,,,
VALADARES – GV,Direção,,,
VALADARES – GV,Direção do ICSA,,(33) 3301-1007,
VALADARES – GV,Direção do ICV,,(33) 3301-1006,
VALADARES – GV,Direção Geral,,(33) 3301-1005,
VALADARES – GV,DIRETORIA DO INSTITUTO DE CIÊNCIAS DA VIDA,,,
VALADARES – GV,DIRETORIA DO INSTITUTO DE CIÊNCIAS SOCIAIS APLICADAS,,,
VALADARES – GV,Diretoria geral,,,
VALADARES – GV,Estágios,,,estagios.gv@ufjf.br
VALADARES – GV,Extensão,,,extensao.gv@ufjf.br
VALADARES – GV,Farmácia Universitária,,,
VALADARES – GV,Financeiro,,,financeiro.gv@ufjf.br
VALADARES – GV,Geral,https://www.ufjf.br/campusgv,(33) 3301-1000,
VALADARES – GV,Gerência Administrativa,,,administrativo.gv@ufjf.br
VALADARES – GV,Gerência de Graduação,,,gerencia.graduacao.gv@ufjf.br
VALADARES – GV,Gerência de Infraestrutura,,,
VALADARES – GV,GERÊNCIA DE INFRAESTRUTURA E TECNOLOGIA DA INFORMAÇÃO,,,
VALADARES – GV,Graduação,,,graduacao.gv@ufjf.br
VALADARES – GV,"Inovação, Empreendedorismo e Transferência de Tecnologia",,,inovacao.gv@ufjf.br
VALADARES – GV,Laboratório Multi Química,,,
VALADARES – GV,Laboratório Parasitologia,,,
VALADARES – GV,LISTA DE NÚMEROS EXTERNOS,,,
VALADARES – GV,"LISTA DE RAMAIS INTERNOS – Para falar com algum dos setores abaixo, basta ligar para o número (33) 3301-1000 e informar o ramal desejado.",,,
VALADARES – GV,Manutenção e Projetos,,,
VALADARES – GV,Núcleo Administrativo / Pitágoras,,,
VALADARES – GV,Núcleo Administrativo / Unipac,,,
VALADARES – GV,Núcleo de Prática Jurídica / Escritório Escola de Direito,,(33) 3301-1009,
VALADARES – GV,Núcleo de Tecnologia da Informação,,,ti.gv@ufjf.br
VALADARES – GV,Núcleo de TI,,(33) 3301-1010,
VALADARES – GV,Perícias Médicas,,,
VALADARES – GV,Pós-Graduação e Pesquisa,,,pesquisa.gv@ufjf.br
VALADARES – GV,Promoção à Saúde,,,
VALADARES – GV,Protocolo,,,protocolo.gv@ufjf.br
VALADARES – GV,Recepção,,,caad.gv@ufjf.br
VALADARES – GV,Restaurante Universitário,,,ru.gv@ufjf.br
VALADARES – GV,Sala dos professores,,,
VALADARES – GV,Secretaria da Direção,,,secretaria.educacaofisica.gv@ufjf.br | secretaria.sociais.gv@ufjf.br
VALADARES – GV,Secretaria da Diretoria-Geral,,,secretaria.diretoria.gv@ufjf.br
VALADARES – GV,Secretaria de Gestão de Pessoa,,,cgp.gv@ufjf.br
VALADARES – GV,Secretaria do curso de Educação Física,,,secretaria.educacaofisica.gv@ufjf.br
VALADARES – GV,Secretaria do curso de Farmácia,,,secretaria.farmacia.gv@ufjf.br
VALADARES – GV,Secretaria do curso de Fisioterapia,,,secretaria.fisioterapia.gv@ufjf.br
VALADARES – GV,Secretaria do curso de Medicina,,,secretaria.medicina.gv@ufjf.br
VALADARES – GV,Secretaria do curso de Nutrição,,,secretaria.nutricao.gv@ufjf.br
VALADARES – GV,Secretaria do curso de Odontologia,,,secretaria.odontologia.gv@ufjf.br
VALADARES – GV,Secretaria do Departamento Básico de Ciências da Vida,,,
VALADARES – GV,Secretaria dos cursos,,,secretaria.sociais.gv@ufjf.br
VALADARES – GV,Secretaria Unificada Pós-graduação ICV,,,
VALADARES – GV,SERVIÇOS,,,
VALADARES – GV,SIAPE@FONE,,(33) 3301-1001,
VALADARES – GV,Transportes,,,transporte.gv@ufjf.br
